{"graph": {"_type": "graph-file", "sha256": "0058fef4fef5638f91c92d3581d8725323bd2f6f2e71d92624bb2f42f69cc6bc", "size": 579, "path": "media/graph/graph_summary_0058fef4fef5638f91c9.graph.json"}, "epoch": 49, "_timestamp": 1680634767.1256633, "loss": 0.12677903473377228, "mape": 1696.1558837890625, "val_loss": 0.12403513491153717, "val_mape": 1669.5146484375, "_runtime": 54.342713356018066, "_step": 49, "best_val_loss": 0.12403513491153717, "best_epoch": 49, "_wandb": {"runtime": 54}}