{"graph": {"_type": "graph-file", "sha256": "c76625f31fdcef94a2d40ccec17536a057d00c61c5c4aded61de12ec23ee734b", "size": 1860, "path": "media/graph/graph_summary_c76625f31fdcef94a2d4.graph.json"}, "epoch": 79, "_timestamp": 1681008172.489206, "loss": 2.100009169225814e-06, "mape": 5.635055065155029, "val_loss": 9.681494930191548e-07, "val_mape": 6.2752909660339355, "_runtime": 53.15707302093506, "_step": 79, "best_val_loss": 4.616237561094749e-07, "best_epoch": 56, "_wandb": {"runtime": 52}}