{"graph": {"_type": "graph-file", "sha256": "839eaae35a2ea8ffee370e952df91f8ae49a4122cd0a54e58b7d6394786d5084", "size": 1356, "path": "media/graph/graph_summary_839eaae35a2ea8ffee37.graph.json"}, "epoch": 29, "_timestamp": 1680756743.7115388, "loss": 4.006257313449169e-06, "mape": 4.254897117614746, "val_loss": 3.072210006394016e-07, "val_mape": 3.3244361877441406, "_runtime": 27.320201873779297, "_step": 29, "best_val_loss": 3.072210006394016e-07, "best_epoch": 29, "_wandb": {"runtime": 27}}