{"graph": {"_type": "graph-file", "sha256": "a46cd17a06fb85355e0e1d3550417cfd46f5589e2484b96b225523b11949c8b6", "size": 1859, "path": "media/graph/graph_summary_a46cd17a06fb85355e0e.graph.json"}, "epoch": 79, "_timestamp": 1681007888.6205401, "loss": 1.915604116220493e-06, "mape": 4.893936634063721, "val_loss": 9.88102897281351e-07, "val_mape": 5.554549217224121, "_runtime": 59.98323607444763, "_step": 79, "best_val_loss": 6.437121555791236e-07, "best_epoch": 75, "_wandb": {"runtime": 59}}