{"graph": {"_type": "graph-file", "sha256": "839eaae35a2ea8ffee370e952df91f8ae49a4122cd0a54e58b7d6394786d5084", "size": 1356, "path": "media/graph/graph_summary_839eaae35a2ea8ffee37.graph.json"}, "epoch": 29, "_timestamp": 1680754877.272551, "loss": 0.0003032334498129785, "mape": 49.1032829284668, "val_loss": 0.0002849346783477813, "val_mape": 49.19155502319336, "_runtime": 66.61942195892334, "_step": 29, "best_val_loss": 0.0002849346783477813, "best_epoch": 29, "_wandb": {"runtime": 68}}