{"graph": {"_type": "graph-file", "sha256": "e72c1f9cdc53223e4aa78865f6a286b37bb78c5db76297b6a506fde926d684c4", "size": 1408, "path": "media/graph/graph_summary_e72c1f9cdc53223e4aa7.graph.json"}, "epoch": 49, "_timestamp": 1681241499.7788136, "loss": 0.42436787486076355, "mape": 21.35132598876953, "val_loss": 0.39354029297828674, "val_mape": 18.062023162841797, "_runtime": 215.23200249671936, "_step": 49, "best_val_loss": 0.39354029297828674, "best_epoch": 49, "_wandb": {"runtime": 217}}