{"graph": {"_type": "graph-file", "sha256": "007cb90dafa7980e7876d3bcb260a60780f38d535583fd4bdb1a729b5ec06623", "size": 1365, "path": "media/graph/graph_summary_007cb90dafa7980e7876.graph.json"}, "epoch": 29, "_timestamp": 1681004842.639777, "loss": 6.12236271990696e-06, "mape": 12.061518669128418, "val_loss": 6.623911758651957e-06, "val_mape": 12.288907051086426, "_runtime": 34.58110189437866, "_step": 29, "best_val_loss": 6.623911758651957e-06, "best_epoch": 29, "_wandb": {"runtime": 34}}