{"graph": {"_type": "graph-file", "sha256": "d7ffa6294d428d8bf99a81359bb2b067e8c391108bc7ebdaf2767a14b28e48fd", "size": 2503, "path": "media/graph/graph_summary_d7ffa6294d428d8bf99a.graph.json"}, "epoch": 49, "_timestamp": 1686254634.0402548, "loss": 5.424441496870713e-06, "mape": 6.156862735748291, "val_loss": 9.356065788779233e-07, "val_mape": 3.8577330112457275, "_runtime": 183.48744177818298, "_step": 49, "best_val_loss": 6.909802436894097e-07, "best_epoch": 43, "_wandb": {"runtime": 182}}