{"graph": {"_type": "graph-file", "sha256": "0f63df0d51935edb625edfbfc57388779f1942699e4a023a5f2a6fe5393a2b26", "size": 1407, "path": "media/graph/graph_summary_0f63df0d51935edb625e.graph.json"}, "epoch": 49, "_timestamp": 1681149418.6301818, "loss": 3.4988315746886656e-06, "mape": 4.188925743103027, "val_loss": 9.331250112154521e-06, "val_mape": 7.5903401374816895, "_runtime": 111.33443069458008, "_step": 49, "best_val_loss": 1.4743041276688018e-07, "best_epoch": 35, "_wandb": {"runtime": 110}}