{"graph": {"_type": "graph-file", "sha256": "062f481d8d617c9b20c2e5d4dd800847c9b5b50c058d74346c111f5c3cf9f9bc", "size": 4268, "path": "media/graph/graph_summary_062f481d8d617c9b20c2.graph.json"}, "epoch": 49, "_timestamp": 1681780128.066592, "loss": 0.0006898607243783772, "mape": 63.19552230834961, "val_loss": 0.00020543216669466347, "val_mape": 36.97639465332031, "_runtime": 124.06099390983582, "_step": 49, "best_val_loss": 0.00020543216669466347, "best_epoch": 49, "_wandb": {"runtime": 126}}