{"graph": {"_type": "graph-file", "sha256": "51520c732f91588520deff003939d46e5854213fc7276dc893af285d89ad1311", "size": 1362, "path": "media/graph/graph_summary_51520c732f91588520de.graph.json"}, "epoch": 49, "_timestamp": 1681007003.1413593, "loss": 8.905730055630556e-07, "mape": 5.0118327140808105, "val_loss": 8.877514687810617e-07, "val_mape": 6.108555793762207, "_runtime": 51.02165627479553, "_step": 49, "best_val_loss": 8.842595775604423e-07, "best_epoch": 48, "_wandb": {"runtime": 50}}