{"graph": {"_type": "graph-file", "sha256": "91d7eaf5ac5b65efecdb3710d4bb2bb277d26da9d7b65759740811ad2aaec017", "size": 1852, "path": "media/graph/graph_summary_91d7eaf5ac5b65efecdb.graph.json"}, "epoch": 49, "_timestamp": 1681007154.809361, "loss": 5.679767127730884e-06, "mape": 10.401329040527344, "val_loss": 7.664617442060262e-06, "val_mape": 11.672330856323242, "_runtime": 61.668627977371216, "_step": 49, "best_val_loss": 6.189871783135459e-06, "best_epoch": 48, "_wandb": {"runtime": 61}}