{"graph": {"_type": "graph-file", "sha256": "e8d4f79d590df6e93e1ad308dc19ef31d699b9ff9064b3ffe794dc002352584e", "size": 2712, "path": "media/graph/graph_summary_e8d4f79d590df6e93e1a.graph.json"}, "epoch": 49, "_timestamp": 1685772054.7041316, "loss": 0.0001478233461966738, "mape": 31.736377716064453, "val_loss": 0.0001043093143380247, "val_mape": 35.444026947021484, "_runtime": 63.18343758583069, "_step": 49, "best_val_loss": 5.119557499710936e-06, "best_epoch": 45, "_wandb": {"runtime": 62}}