{"graph": {"_type": "graph-file", "sha256": "0058fef4fef5638f91c92d3581d8725323bd2f6f2e71d92624bb2f42f69cc6bc", "size": 579, "path": "media/graph/graph_summary_0058fef4fef5638f91c9.graph.json"}, "epoch": 29, "_timestamp": 1680630746.92058, "loss": 0.03095918521285057, "mse": 0.03095918521285057, "val_loss": 0.029269777238368988, "val_mse": 0.029269777238368988, "_runtime": 44.82169198989868, "_step": 29, "best_val_loss": 0.029269777238368988, "best_epoch": 29, "_wandb": {"runtime": 44}}