{"graph": {"_type": "graph-file", "sha256": "0058fef4fef5638f91c92d3581d8725323bd2f6f2e71d92624bb2f42f69cc6bc", "size": 579, "path": "media/graph/graph_summary_0058fef4fef5638f91c9.graph.json"}, "epoch": 49, "_timestamp": 1680578550.0467927, "loss": 1.4781217942072544e-05, "mape": 7.659052848815918, "val_loss": 6.171857194203767e-07, "val_mape": 2.8630053997039795, "_runtime": 104.58117175102234, "_step": 49, "best_val_loss": 6.171857194203767e-07, "best_epoch": 49, "_wandb": {"runtime": 104}}