{"graph": {"_type": "graph-file", "sha256": "0058fef4fef5638f91c92d3581d8725323bd2f6f2e71d92624bb2f42f69cc6bc", "size": 579, "path": "media/graph/graph_summary_0058fef4fef5638f91c9.graph.json"}, "epoch": 29, "_timestamp": 1680631861.1919684, "loss": 9.348508683615364e-06, "mse": 9.348508683615364e-06, "val_loss": 9.401690476806834e-06, "val_mse": 9.401690476806834e-06, "_runtime": 34.136295557022095, "_step": 29, "best_val_loss": 9.401690476806834e-06, "best_epoch": 29, "_wandb": {"runtime": 34}}