{"graph": {"_type": "graph-file", "sha256": "5052c48425a5e307d782afb913272df3d96940cc5e96bb3033d073109ae61416", "size": 1758, "path": "media/graph/graph_summary_5052c48425a5e307d782.graph.json"}, "epoch": 49, "_timestamp": 1685506647.128362, "loss": 1.1649519365164451e-05, "mape": 6.989236831665039, "val_loss": 1.009504103421932e-06, "val_mape": 4.377601623535156, "_runtime": 72.56262683868408, "_step": 49, "best_val_loss": 4.109345752567606e-07, "best_epoch": 47, "_wandb": {"runtime": 72}}