{"graph": {"_type": "graph-file", "sha256": "0058fef4fef5638f91c92d3581d8725323bd2f6f2e71d92624bb2f42f69cc6bc", "size": 579, "path": "media/graph/graph_summary_0058fef4fef5638f91c9.graph.json"}, "epoch": 49, "_timestamp": 1686252889.9405377, "loss": 4.0974680359795457e-07, "mape": 1.195676565170288, "val_loss": 3.472217997568805e-07, "val_mape": 1.5949604511260986, "_runtime": 72.86377477645874, "_step": 49, "best_val_loss": 7.144458891161776e-08, "best_epoch": 48, "_wandb": {"runtime": 72}}