{"graph": {"_type": "graph-file", "sha256": "7669c94072bbb407852a9725f3758c79941b97a6305b20c64a5c1a5909ec6240", "size": 3994, "path": "media/graph/graph_summary_7669c94072bbb407852a.graph.json"}, "epoch": 49, "_timestamp": 1685506502.333486, "loss": 1.9750377759919502e-05, "mape": 9.737306594848633, "val_loss": 1.224915286002215e-05, "val_mape": 11.282405853271484, "_runtime": 166.95269298553467, "_step": 49, "best_val_loss": 5.875352258044586e-07, "best_epoch": 48, "_wandb": {"runtime": 169}}