{"graph": {"_type": "graph-file", "sha256": "007cb90dafa7980e7876d3bcb260a60780f38d535583fd4bdb1a729b5ec06623", "size": 1365, "path": "media/graph/graph_summary_007cb90dafa7980e7876.graph.json"}, "epoch": 49, "_timestamp": 1686253795.6274452, "loss": 1.634503746572591e-06, "mape": 4.5204758644104, "val_loss": 3.8991217365946795e-07, "val_mape": 4.553218364715576, "_runtime": 59.645453214645386, "_step": 49, "best_val_loss": 3.8991217365946795e-07, "best_epoch": 49, "_wandb": {"runtime": 60}}