{"graph": {"_type": "graph-file", "sha256": "8164b0d6ba8a70afd7846c3180dfad243125cededfabb17da3f9339b6d87b79f", "size": 1844, "path": "media/graph/graph_summary_8164b0d6ba8a70afd784.graph.json"}, "epoch": 29, "_timestamp": 1680758936.38527, "loss": 2.4310049866471672e-06, "mape": 6.136995792388916, "val_loss": 4.2310880417062435e-06, "val_mape": 8.093934059143066, "_runtime": 51.00427007675171, "_step": 29, "best_val_loss": 1.2888679066236364e-06, "best_epoch": 27, "_wandb": {"runtime": 50}}