{"graph": {"_type": "graph-file", "sha256": "0058fef4fef5638f91c92d3581d8725323bd2f6f2e71d92624bb2f42f69cc6bc", "size": 579, "path": "media/graph/graph_summary_0058fef4fef5638f91c9.graph.json"}, "epoch": 29, "_timestamp": 1680630946.8947816, "loss": 0.15953461825847626, "mse": 0.15953461825847626, "val_loss": 0.15654903650283813, "val_mse": 0.15654903650283813, "_runtime": 45.251683473587036, "_step": 29, "best_val_loss": 0.15654903650283813, "best_epoch": 29, "_wandb": {"runtime": 45}}