{"graph": {"_type": "graph-file", "sha256": "839eaae35a2ea8ffee370e952df91f8ae49a4122cd0a54e58b7d6394786d5084", "size": 1356, "path": "media/graph/graph_summary_839eaae35a2ea8ffee37.graph.json"}, "epoch": 29, "_timestamp": 1680811388.448422, "loss": 1.6753930367485736e-06, "mape": 8.325175285339355, "val_loss": 1.6025921922846464e-06, "val_mape": 9.035865783691406, "_runtime": 44.5417320728302, "_step": 29, "best_val_loss": 1.6025921922846464e-06, "best_epoch": 29, "_wandb": {"runtime": 45}}