{"graph": {"_type": "graph-file", "sha256": "9ce2bfb898e437298e1f05c2280d3db08c5bac26535419d6dac08d5a3eb109ff", "size": 3738, "path": "media/graph/graph_summary_9ce2bfb898e437298e1f.graph.json"}, "epoch": 49, "_timestamp": 1681789038.5338476, "loss": 0.00011549501505214721, "mape": 28.428791046142578, "val_loss": 9.098989539779723e-05, "val_mape": 28.596670150756836, "_runtime": 186.1105694770813, "_step": 49, "best_val_loss": 2.6007242922787555e-05, "best_epoch": 43, "_wandb": {"runtime": 185}}