{"graph": {"_type": "graph-file", "sha256": "007cb90dafa7980e7876d3bcb260a60780f38d535583fd4bdb1a729b5ec06623", "size": 1365, "path": "media/graph/graph_summary_007cb90dafa7980e7876.graph.json"}, "epoch": 49, "_timestamp": 1685219355.067168, "loss": 4.402018475957448e-06, "mape": 6.2130045890808105, "val_loss": 1.5200192137854174e-05, "val_mape": 11.088488578796387, "_runtime": 30.869170904159546, "_step": 49, "best_val_loss": 3.49573667790537e-07, "best_epoch": 46, "_wandb": {"runtime": 30}}