{"graph": {"_type": "graph-file", "sha256": "e72c1f9cdc53223e4aa78865f6a286b37bb78c5db76297b6a506fde926d684c4", "size": 1408, "path": "media/graph/graph_summary_e72c1f9cdc53223e4aa7.graph.json"}, "epoch": 49, "_timestamp": 1681151406.3634021, "loss": 4.038555289298529e-06, "mape": 3.7935590744018555, "val_loss": 6.3647976276115514e-06, "val_mape": 6.314571857452393, "_runtime": 152.60821104049683, "_step": 49, "best_val_loss": 1.8275261481903726e-07, "best_epoch": 35, "_wandb": {"runtime": 152}}