{"graph": {"_type": "graph-file", "sha256": "0058fef4fef5638f91c92d3581d8725323bd2f6f2e71d92624bb2f42f69cc6bc", "size": 579, "path": "media/graph/graph_summary_0058fef4fef5638f91c9.graph.json"}, "epoch": 49, "_timestamp": 1680634463.2769077, "loss": 0.12619207799434662, "mape": 1575.9298095703125, "val_loss": 0.12345317751169205, "val_mape": 1528.62353515625, "_runtime": 55.701910734176636, "_step": 49, "best_val_loss": 0.12345317751169205, "best_epoch": 49, "_wandb": {"runtime": 55}}