{"graph": {"_type": "graph-file", "sha256": "a46cd17a06fb85355e0e1d3550417cfd46f5589e2484b96b225523b11949c8b6", "size": 1859, "path": "media/graph/graph_summary_a46cd17a06fb85355e0e.graph.json"}, "epoch": 49, "_timestamp": 1685219216.325986, "loss": 4.041250576847233e-06, "mape": 7.648525714874268, "val_loss": 1.022381184156984e-06, "val_mape": 6.897486686706543, "_runtime": 39.02919793128967, "_step": 49, "best_val_loss": 8.11078564311174e-07, "best_epoch": 38, "_wandb": {"runtime": 38}}