{"graph": {"_type": "graph-file", "sha256": "067c547caf84a4df943f15249a00891ceb39470379a2ec860f25f10183ebc3e0", "size": 2714, "path": "media/graph/graph_summary_067c547caf84a4df943f.graph.json"}, "epoch": 49, "_timestamp": 1681783382.6987715, "loss": 4.1951567254727706e-05, "mape": 15.997451782226562, "val_loss": 0.00015169243852142245, "val_mape": 32.0993537902832, "_runtime": 64.49552845954895, "_step": 49, "best_val_loss": 1.1014893743777066e-06, "best_epoch": 47, "_wandb": {"runtime": 63}}