{"graph": {"_type": "graph-file", "sha256": "0058fef4fef5638f91c92d3581d8725323bd2f6f2e71d92624bb2f42f69cc6bc", "size": 579, "path": "media/graph/graph_summary_0058fef4fef5638f91c9.graph.json"}, "epoch": 29, "_timestamp": 1680657479.3110673, "loss": 1.5548108422080986e-05, "mape": 7.711010456085205, "val_loss": 4.390675530885346e-05, "val_mape": 14.602747917175293, "_runtime": 25.16248846054077, "_step": 29, "best_val_loss": 7.303341362785432e-07, "best_epoch": 21, "_wandb": {"runtime": 24}}