{"graph": {"_type": "graph-file", "sha256": "9ce2bfb898e437298e1f05c2280d3db08c5bac26535419d6dac08d5a3eb109ff", "size": 3738, "path": "media/graph/graph_summary_9ce2bfb898e437298e1f.graph.json"}, "epoch": 49, "_timestamp": 1681788779.337002, "loss": 0.0001613036438357085, "mape": 38.04057312011719, "val_loss": 0.0002998594136442989, "val_mape": 40.75127410888672, "_runtime": 172.7042419910431, "_step": 49, "best_val_loss": 0.00024380280228797346, "best_epoch": 23, "_wandb": {"runtime": 172}}