{"graph": {"_type": "graph-file", "sha256": "839eaae35a2ea8ffee370e952df91f8ae49a4122cd0a54e58b7d6394786d5084", "size": 1356, "path": "media/graph/graph_summary_839eaae35a2ea8ffee37.graph.json"}, "epoch": 29, "_timestamp": 1680811275.716286, "loss": 4.407178494147956e-06, "mape": 13.142538070678711, "val_loss": 4.38318284068373e-06, "val_mape": 13.666192054748535, "_runtime": 45.50226283073425, "_step": 29, "best_val_loss": 4.38318284068373e-06, "best_epoch": 29, "_wandb": {"runtime": 46}}