{"graph": {"_type": "graph-file", "sha256": "511b5bc64ee201280947b5c51803a2bd7662adfffc8f93d272713f489619c783", "size": 3488, "path": "media/graph/graph_summary_511b5bc64ee201280947.graph.json"}, "epoch": 49, "_timestamp": 1681778724.18618, "loss": 0.00045518684783019125, "mape": 48.08736801147461, "val_loss": 0.00016861855692695826, "val_mape": 30.53337287902832, "_runtime": 141.0836091041565, "_step": 49, "best_val_loss": 0.00016861855692695826, "best_epoch": 49, "_wandb": {"runtime": 142}}