{"graph": {"_type": "graph-file", "sha256": "13ec1c367f18795f52a5f21008999a3b06166efc06ee52fe7bffb0b513ed2784", "size": 3116, "path": "media/graph/graph_summary_13ec1c367f18795f52a5.graph.json"}, "epoch": 0, "_timestamp": 1681789272.8536077, "loss": 0.06253215670585632, "mape": 1507.4676513671875, "val_loss": 0.09447067975997925, "val_mape": 2048.390625, "_runtime": 9.866196632385254, "_step": 0, "best_val_loss": 0.09447067975997925, "best_epoch": 0}