{"graph": {"_type": "graph-file", "sha256": "e8d4f79d590df6e93e1ad308dc19ef31d699b9ff9064b3ffe794dc002352584e", "size": 2712, "path": "media/graph/graph_summary_e8d4f79d590df6e93e1a.graph.json"}, "epoch": 49, "_timestamp": 1686256413.60615, "loss": 0.00011411170271458104, "mape": 25.5911922454834, "val_loss": 3.908603684976697e-05, "val_mape": 12.748164176940918, "_runtime": 64.85395693778992, "_step": 49, "best_val_loss": 1.7857148577604676e-06, "best_epoch": 43, "_wandb": {"runtime": 64}}