{"graph": {"_type": "graph-file", "sha256": "0058fef4fef5638f91c92d3581d8725323bd2f6f2e71d92624bb2f42f69cc6bc", "size": 579, "path": "media/graph/graph_summary_0058fef4fef5638f91c9.graph.json"}, "epoch": 49, "_timestamp": 1680659066.22268, "loss": 4.0121352640198893e-07, "mape": 1.3099329471588135, "val_loss": 2.2412045552755444e-07, "val_mape": 1.4691945314407349, "_runtime": 45.7286319732666, "_step": 49, "best_val_loss": 6.367191218714652e-08, "best_epoch": 48, "_wandb": {"runtime": 45}}