{"graph": {"_type": "graph-file", "sha256": "ba99cfa6e65f30692da698114aff90d3a3eaf823c0022eecc4b91a908c9594cd", "size": 1842, "path": "media/graph/graph_summary_ba99cfa6e65f30692da6.graph.json"}, "epoch": 29, "_timestamp": 1680758747.6961222, "loss": 3.867608029395342e-06, "mape": 8.5005521774292, "val_loss": 1.6910319118323969e-06, "val_mape": 8.396064758300781, "_runtime": 41.4334921836853, "_step": 29, "best_val_loss": 1.6910319118323969e-06, "best_epoch": 29, "_wandb": {"runtime": 42}}