{"graph": {"_type": "graph-file", "sha256": "0058fef4fef5638f91c92d3581d8725323bd2f6f2e71d92624bb2f42f69cc6bc", "size": 579, "path": "media/graph/graph_summary_0058fef4fef5638f91c9.graph.json"}, "epoch": 49, "_timestamp": 1680633467.7160904, "loss": 0.025100748986005783, "mape": 668.8594360351562, "val_loss": 0.023877596482634544, "val_mape": 643.6510009765625, "_runtime": 56.49868440628052, "_step": 49, "best_val_loss": 0.023877596482634544, "best_epoch": 49, "_wandb": {"runtime": 56}}