{"graph": {"_type": "graph-file", "sha256": "e8d4f79d590df6e93e1ad308dc19ef31d699b9ff9064b3ffe794dc002352584e", "size": 2712, "path": "media/graph/graph_summary_e8d4f79d590df6e93e1a.graph.json"}, "epoch": 49, "_timestamp": 1681778263.7631967, "loss": 0.0005407092394307256, "mape": 52.65104675292969, "val_loss": 0.00031236448558047414, "val_mape": 36.18672561645508, "_runtime": 85.40683674812317, "_step": 49, "best_val_loss": 0.0003072601102758199, "best_epoch": 48, "_wandb": {"runtime": 82}}