{"graph": {"_type": "graph-file", "sha256": "e8d4f79d590df6e93e1ad308dc19ef31d699b9ff9064b3ffe794dc002352584e", "size": 2712, "path": "media/graph/graph_summary_e8d4f79d590df6e93e1a.graph.json"}, "epoch": 49, "_timestamp": 1681782317.6719818, "loss": 0.0002467452432028949, "mape": 40.10213088989258, "val_loss": 4.021092536277138e-05, "val_mape": 25.025732040405273, "_runtime": 68.64266777038574, "_step": 49, "best_val_loss": 2.9589726182166487e-05, "best_epoch": 47, "_wandb": {"runtime": 67}}