{"graph": {"_type": "graph-file", "sha256": "0058fef4fef5638f91c92d3581d8725323bd2f6f2e71d92624bb2f42f69cc6bc", "size": 579, "path": "media/graph/graph_summary_0058fef4fef5638f91c9.graph.json"}, "epoch": 49, "_timestamp": 1681234715.412964, "loss": 4.3195225885028776e-07, "mape": 1.3761593103408813, "val_loss": 1.7750782888015237e-07, "val_mape": 1.6441537141799927, "_runtime": 47.441039085388184, "_step": 49, "best_val_loss": 6.412616215811795e-08, "best_epoch": 42, "_wandb": {"runtime": 46}}