{"graph": {"_type": "graph-file", "sha256": "0058fef4fef5638f91c92d3581d8725323bd2f6f2e71d92624bb2f42f69cc6bc", "size": 579, "path": "media/graph/graph_summary_0058fef4fef5638f91c9.graph.json"}, "epoch": 29, "_timestamp": 1680657345.8525782, "loss": 0.002102544065564871, "mape": 100.0, "val_loss": 0.0021736212074756622, "val_mape": 100.0, "_runtime": 20.03266215324402, "_step": 29, "best_val_loss": 0.0021736212074756622, "best_epoch": 0, "_wandb": {"runtime": 19}}