{"graph": {"_type": "graph-file", "sha256": "839eaae35a2ea8ffee370e952df91f8ae49a4122cd0a54e58b7d6394786d5084", "size": 1356, "path": "media/graph/graph_summary_839eaae35a2ea8ffee37.graph.json"}, "epoch": 49, "_timestamp": 1680757479.5456338, "loss": 7.151743375288788e-07, "mape": 3.329139471054077, "val_loss": 5.746410352003295e-07, "val_mape": 4.194690704345703, "_runtime": 71.53170490264893, "_step": 49, "best_val_loss": 4.043697572342353e-07, "best_epoch": 45, "_wandb": {"runtime": 71}}