{"graph": {"_type": "graph-file", "sha256": "5052c48425a5e307d782afb913272df3d96940cc5e96bb3033d073109ae61416", "size": 1758, "path": "media/graph/graph_summary_5052c48425a5e307d782.graph.json"}, "epoch": 49, "_timestamp": 1685507321.8724375, "loss": 5.071028226666385e-06, "mape": 6.609877586364746, "val_loss": 2.346233259231667e-06, "val_mape": 4.668466567993164, "_runtime": 93.18848443031311, "_step": 49, "best_val_loss": 3.436149427216151e-07, "best_epoch": 42, "_wandb": {"runtime": 92}}