{"graph": {"_type": "graph-file", "sha256": "0058fef4fef5638f91c92d3581d8725323bd2f6f2e71d92624bb2f42f69cc6bc", "size": 579, "path": "media/graph/graph_summary_0058fef4fef5638f91c9.graph.json"}, "epoch": 29, "_timestamp": 1680629388.7554212, "loss": 0.00010243727592751384, "mse": 0.00010243727592751384, "val_loss": 9.665769175626338e-05, "val_mse": 9.665769175626338e-05, "_runtime": 29.70409607887268, "_step": 29, "best_val_loss": 9.665769175626338e-05, "best_epoch": 29, "_wandb": {"runtime": 29}}