{"graph": {"_type": "graph-file", "sha256": "e8d4f79d590df6e93e1ad308dc19ef31d699b9ff9064b3ffe794dc002352584e", "size": 2712, "path": "media/graph/graph_summary_e8d4f79d590df6e93e1a.graph.json"}, "epoch": 49, "_timestamp": 1681783076.996755, "loss": 0.0001207443856401369, "mape": 26.435060501098633, "val_loss": 2.216156462964136e-05, "val_mape": 18.303760528564453, "_runtime": 57.947277784347534, "_step": 49, "best_val_loss": 2.994596798089333e-06, "best_epoch": 36, "_wandb": {"runtime": 57}}