{"graph": {"_type": "graph-file", "sha256": "d7ffa6294d428d8bf99a81359bb2b067e8c391108bc7ebdaf2767a14b28e48fd", "size": 2503, "path": "media/graph/graph_summary_d7ffa6294d428d8bf99a.graph.json"}, "epoch": 49, "_timestamp": 1686255573.411302, "loss": 4.5289598347153515e-06, "mape": 5.4320068359375, "val_loss": 9.869456789601827e-07, "val_mape": 4.011537075042725, "_runtime": 178.02393913269043, "_step": 49, "best_val_loss": 6.515149948427279e-07, "best_epoch": 45, "_wandb": {"runtime": 177}}