{"graph": {"_type": "graph-file", "sha256": "007cb90dafa7980e7876d3bcb260a60780f38d535583fd4bdb1a729b5ec06623", "size": 1365, "path": "media/graph/graph_summary_007cb90dafa7980e7876.graph.json"}, "epoch": 49, "_timestamp": 1681006702.4023209, "loss": 7.430942901009985e-07, "mape": 4.490478038787842, "val_loss": 1.1495106946313172e-06, "val_mape": 6.139110565185547, "_runtime": 49.46269989013672, "_step": 49, "best_val_loss": 5.138101073498547e-07, "best_epoch": 47, "_wandb": {"runtime": 48}}