{"graph": {"_type": "graph-file", "sha256": "2165674769a61be5b28ebaac47c020c506c987a958c7005d8922a47c20f4b990", "size": 1621, "path": "media/graph/graph_summary_2165674769a61be5b28e.graph.json"}, "epoch": 49, "_timestamp": 1685508845.610229, "loss": 1.7281854525208473e-06, "mape": 2.625883102416992, "val_loss": 4.530176283878973e-06, "val_mape": 5.199554920196533, "_runtime": 89.75931692123413, "_step": 49, "best_val_loss": 9.618037211112096e-08, "best_epoch": 47, "_wandb": {"runtime": 89}}