{"graph": {"_type": "graph-file", "sha256": "998ffefd94b9e238e69ff2fdf2a1e55edc95eea7a1d633f81bcffb971f1fa490", "size": 1842, "path": "media/graph/graph_summary_998ffefd94b9e238e69f.graph.json"}, "epoch": 29, "_timestamp": 1680758662.304979, "loss": 8.397662895731628e-06, "mape": 17.123353958129883, "val_loss": 1.541806705063209e-05, "val_mape": 20.71664047241211, "_runtime": 45.83212614059448, "_step": 29, "best_val_loss": 1.083107872545952e-05, "best_epoch": 27, "_wandb": {"runtime": 45}}