{"graph": {"_type": "graph-file", "sha256": "839eaae35a2ea8ffee370e952df91f8ae49a4122cd0a54e58b7d6394786d5084", "size": 1356, "path": "media/graph/graph_summary_839eaae35a2ea8ffee37.graph.json"}, "epoch": 49, "_timestamp": 1680810777.5905583, "loss": 2.4836549528117757e-06, "mape": 4.89035177230835, "val_loss": 1.4626175470766611e-06, "val_mape": 6.0381951332092285, "_runtime": 40.03068137168884, "_step": 49, "best_val_loss": 3.510286603614077e-07, "best_epoch": 48, "_wandb": {"runtime": 39}}