{"graph": {"_type": "graph-file", "sha256": "56c84d9093c8d97ad3a48b64b327c6eb0b9a9d40d33e029e9506f935dc50746a", "size": 2720, "path": "media/graph/graph_summary_56c84d9093c8d97ad3a4.graph.json"}, "epoch": 49, "_timestamp": 1681781032.6318603, "loss": 0.00048621263704262674, "mape": 46.207889556884766, "val_loss": 0.00019596819765865803, "val_mape": 32.76689910888672, "_runtime": 102.12571334838867, "_step": 49, "best_val_loss": 0.00014848362479824573, "best_epoch": 48, "_wandb": {"runtime": 101}}