{"graph": {"_type": "graph-file", "sha256": "a71c9bdf3d14e550de93ce426c83e142590e31008f1f23717105c9239ec39747", "size": 1358, "path": "media/graph/graph_summary_a71c9bdf3d14e550de93.graph.json"}, "epoch": 49, "_timestamp": 1680810688.0425394, "loss": 2.7539431357581634e-06, "mape": 4.121887683868408, "val_loss": 6.0465868045866955e-06, "val_mape": 5.938657760620117, "_runtime": 41.00174140930176, "_step": 49, "best_val_loss": 3.079656494264782e-07, "best_epoch": 47, "_wandb": {"runtime": 40}}