{"graph": {"_type": "graph-file", "sha256": "02b5627379cdb6627f917e439ec48133b0eeb1278baa6ab27b8400bb64aecb22", "size": 567, "path": "media/graph/graph_summary_02b5627379cdb6627f91.graph.json"}, "epoch": 49, "_timestamp": 1681010198.4251068, "loss": 3.744208640910074e-07, "mape": 1.1680110692977905, "val_loss": 2.4431772089883452e-06, "val_mape": 2.8809375762939453, "_runtime": 44.41166877746582, "_step": 49, "best_val_loss": 4.0203996576337886e-08, "best_epoch": 48, "_wandb": {"runtime": 43}}