{"graph": {"_type": "graph-file", "sha256": "53e9abbe0425b8a6419c2753a5debe0ca5add1f2515ec45f10b587814166631e", "size": 1366, "path": "media/graph/graph_summary_53e9abbe0425b8a6419c.graph.json"}, "epoch": 49, "_timestamp": 1681006896.5271463, "loss": 1.2015059382974869e-06, "mape": 5.723512649536133, "val_loss": 2.1794166968902573e-06, "val_mape": 6.987485885620117, "_runtime": 45.21041440963745, "_step": 49, "best_val_loss": 7.483311037503881e-07, "best_epoch": 47, "_wandb": {"runtime": 44}}