{"graph": {"_type": "graph-file", "sha256": "839eaae35a2ea8ffee370e952df91f8ae49a4122cd0a54e58b7d6394786d5084", "size": 1356, "path": "media/graph/graph_summary_839eaae35a2ea8ffee37.graph.json"}, "epoch": 29, "_timestamp": 1680755260.4864233, "loss": 2.3163342120824382e-05, "mape": 22.12875747680664, "val_loss": 2.260513065266423e-05, "val_mape": 21.51197624206543, "_runtime": 93.57419514656067, "_step": 29, "best_val_loss": 2.260513065266423e-05, "best_epoch": 29, "_wandb": {"runtime": 97}}