{"graph": {"_type": "graph-file", "sha256": "0058fef4fef5638f91c92d3581d8725323bd2f6f2e71d92624bb2f42f69cc6bc", "size": 579, "path": "media/graph/graph_summary_0058fef4fef5638f91c9.graph.json"}, "epoch": 29, "_timestamp": 1680628846.379851, "loss": 9.101061004912481e-05, "mse": 9.101061004912481e-05, "val_loss": 8.558755507692695e-05, "val_mse": 8.558755507692695e-05, "_runtime": 34.54939413070679, "_step": 29, "best_val_loss": 8.558755507692695e-05, "best_epoch": 29, "_wandb": {"runtime": 34}}