{"graph": {"_type": "graph-file", "sha256": "0058fef4fef5638f91c92d3581d8725323bd2f6f2e71d92624bb2f42f69cc6bc", "size": 579, "path": "media/graph/graph_summary_0058fef4fef5638f91c9.graph.json"}, "epoch": 49, "_timestamp": 1683677403.6531405, "loss": 4.9123947974294424e-05, "mape": 21.046070098876953, "val_loss": 4.665897722588852e-05, "val_mape": 21.09515953063965, "_runtime": 61.8470995426178, "_step": 49, "best_val_loss": 4.665897722588852e-05, "best_epoch": 49, "_wandb": {"runtime": 61}}