{"graph": {"_type": "graph-file", "sha256": "7e2eaf2b1cd709dd3b8f27f5ef95a0832127d2d78198fa582862307aaf323a76", "size": 1971, "path": "media/graph/graph_summary_7e2eaf2b1cd709dd3b8f.graph.json"}, "epoch": 49, "_timestamp": 1681324971.5899975, "loss": 4.05484843213344e-06, "mape": 5.053889751434326, "val_loss": 2.069814627247979e-06, "val_mape": 4.867875099182129, "_runtime": 206.08668160438538, "_step": 49, "best_val_loss": 2.41966603198307e-07, "best_epoch": 47, "_wandb": {"runtime": 205}}