{"graph": {"_type": "graph-file", "sha256": "0058fef4fef5638f91c92d3581d8725323bd2f6f2e71d92624bb2f42f69cc6bc", "size": 579, "path": "media/graph/graph_summary_0058fef4fef5638f91c9.graph.json"}, "epoch": 49, "_timestamp": 1686272235.7432005, "loss": 2.763825648344209e-07, "mape": 0.9521540999412537, "val_loss": 9.64973423833726e-07, "val_mape": 1.8059909343719482, "_runtime": 44.25976753234863, "_step": 49, "best_val_loss": 6.351076109467613e-08, "best_epoch": 48, "_wandb": {"runtime": 43}}