{"graph": {"_type": "graph-file", "sha256": "007cb90dafa7980e7876d3bcb260a60780f38d535583fd4bdb1a729b5ec06623", "size": 1365, "path": "media/graph/graph_summary_007cb90dafa7980e7876.graph.json"}, "epoch": 49, "_timestamp": 1685220642.084562, "loss": 1.0231585747533245e-06, "mape": 4.586747646331787, "val_loss": 6.623768058489077e-07, "val_mape": 5.222630023956299, "_runtime": 54.49866008758545, "_step": 49, "best_val_loss": 3.819855862730037e-07, "best_epoch": 45, "_wandb": {"runtime": 53}}