{"graph": {"_type": "graph-file", "sha256": "0058fef4fef5638f91c92d3581d8725323bd2f6f2e71d92624bb2f42f69cc6bc", "size": 579, "path": "media/graph/graph_summary_0058fef4fef5638f91c9.graph.json"}, "epoch": 29, "_timestamp": 1680657409.7712517, "loss": 5.718463580706157e-05, "mape": 19.24702262878418, "val_loss": 7.089511200319976e-06, "val_mape": 10.547590255737305, "_runtime": 29.63365077972412, "_step": 29, "best_val_loss": 4.9579216465645e-06, "best_epoch": 28, "_wandb": {"runtime": 29}}