{"graph": {"_type": "graph-file", "sha256": "82234674dcb9c8a7e1100e0150aa718fe1f6e8484909449f1daf725efcb1ac94", "size": 1357, "path": "media/graph/graph_summary_82234674dcb9c8a7e110.graph.json"}, "epoch": 29, "_timestamp": 1680810883.2140443, "loss": 3.351108489368926e-06, "mape": 5.826807975769043, "val_loss": 1.337216303909372e-06, "val_mape": 7.4770636558532715, "_runtime": 47.00822329521179, "_step": 29, "best_val_loss": 6.620236945309443e-07, "best_epoch": 28, "_wandb": {"runtime": 46}}