{"graph": {"_type": "graph-file", "sha256": "a71c9bdf3d14e550de93ce426c83e142590e31008f1f23717105c9239ec39747", "size": 1358, "path": "media/graph/graph_summary_a71c9bdf3d14e550de93.graph.json"}, "epoch": 29, "_timestamp": 1680759368.3593419, "loss": 1.1753709259210154e-06, "mape": 5.090997219085693, "val_loss": 1.0389069302618736e-06, "val_mape": 5.923825740814209, "_runtime": 45.78481483459473, "_step": 29, "best_val_loss": 6.623510557801637e-07, "best_epoch": 28, "_wandb": {"runtime": 45}}