{"graph": {"_type": "graph-file", "sha256": "0058fef4fef5638f91c92d3581d8725323bd2f6f2e71d92624bb2f42f69cc6bc", "size": 579, "path": "media/graph/graph_summary_0058fef4fef5638f91c9.graph.json"}, "epoch": 49, "_timestamp": 1681235230.2422845, "loss": 4.516066951509856e-07, "mape": 1.3770990371704102, "val_loss": 5.201062549531343e-07, "val_mape": 2.250483274459839, "_runtime": 50.99866461753845, "_step": 49, "best_val_loss": 1.0189757659873067e-07, "best_epoch": 44, "_wandb": {"runtime": 50}}