{"graph": {"_type": "graph-file", "sha256": "839eaae35a2ea8ffee370e952df91f8ae49a4122cd0a54e58b7d6394786d5084", "size": 1356, "path": "media/graph/graph_summary_839eaae35a2ea8ffee37.graph.json"}, "epoch": 29, "_timestamp": 1680756073.0699253, "loss": 8.788925924818614e-07, "mape": 3.5395100116729736, "val_loss": 1.3690489595319377e-06, "val_mape": 5.2767510414123535, "_runtime": 104.36268520355225, "_step": 29, "best_val_loss": 4.0600812667435093e-07, "best_epoch": 24, "_wandb": {"runtime": 103}}