{"graph": {"_type": "graph-file", "sha256": "82234674dcb9c8a7e1100e0150aa718fe1f6e8484909449f1daf725efcb1ac94", "size": 1357, "path": "media/graph/graph_summary_82234674dcb9c8a7e110.graph.json"}, "epoch": 29, "_timestamp": 1680759109.2121048, "loss": 1.1629181244643405e-06, "mape": 5.331762790679932, "val_loss": 2.814342451529228e-06, "val_mape": 7.634536266326904, "_runtime": 41.87832975387573, "_step": 29, "best_val_loss": 6.654818207607605e-07, "best_epoch": 28, "_wandb": {"runtime": 41}}