{"graph": {"_type": "graph-file", "sha256": "3efb23a2d70772947d2a936bcf3714d456d5c9a9bd324e228095b4138f21550d", "size": 1842, "path": "media/graph/graph_summary_3efb23a2d70772947d2a.graph.json"}, "epoch": 29, "_timestamp": 1680758840.0915287, "loss": 4.4971052375331055e-06, "mape": 12.807246208190918, "val_loss": 5.150635388417868e-06, "val_mape": 13.5986909866333, "_runtime": 45.59064173698425, "_step": 29, "best_val_loss": 3.37431583830039e-06, "best_epoch": 28, "_wandb": {"runtime": 45}}