{"graph": {"_type": "graph-file", "sha256": "839eaae35a2ea8ffee370e952df91f8ae49a4122cd0a54e58b7d6394786d5084", "size": 1356, "path": "media/graph/graph_summary_839eaae35a2ea8ffee37.graph.json"}, "epoch": 29, "_timestamp": 1680811137.7176442, "loss": 8.38741980260238e-05, "mape": 32.113311767578125, "val_loss": 7.92557984823361e-05, "val_mape": 31.60568618774414, "_runtime": 45.12191820144653, "_step": 29, "best_val_loss": 7.92557984823361e-05, "best_epoch": 29, "_wandb": {"runtime": 45}}