{"graph": {"_type": "graph-file", "sha256": "0058fef4fef5638f91c92d3581d8725323bd2f6f2e71d92624bb2f42f69cc6bc", "size": 579, "path": "media/graph/graph_summary_0058fef4fef5638f91c9.graph.json"}, "epoch": 29, "_timestamp": 1680657887.2352893, "loss": 5.068364998805919e-07, "mape": 2.099057197570801, "val_loss": 4.893597065347421e-07, "val_mape": 2.6570355892181396, "_runtime": 35.29523825645447, "_step": 29, "best_val_loss": 2.556153901878133e-07, "best_epoch": 27, "_wandb": {"runtime": 34}}