{"graph": {"_type": "graph-file", "sha256": "e84a7b4c4a6536c35db6ce171d05e4684c742e54650ef33849b05a40f25594b7", "size": 1545, "path": "media/graph/graph_summary_e84a7b4c4a6536c35db6.graph.json"}, "epoch": 49, "_timestamp": 1681323641.3970757, "loss": 4.304724825487938e-06, "mape": 5.303313732147217, "val_loss": 4.31736935979643e-07, "val_mape": 2.929121732711792, "_runtime": 166.39290475845337, "_step": 49, "best_val_loss": 3.648998188054975e-07, "best_epoch": 32, "_wandb": {"runtime": 165}}