{"graph": {"_type": "graph-file", "sha256": "91d7eaf5ac5b65efecdb3710d4bb2bb277d26da9d7b65759740811ad2aaec017", "size": 1852, "path": "media/graph/graph_summary_91d7eaf5ac5b65efecdb.graph.json"}, "epoch": 79, "_timestamp": 1681007705.5515018, "loss": 1.2755467651004437e-06, "mape": 5.583778381347656, "val_loss": 3.634957920439774e-06, "val_mape": 7.998645305633545, "_runtime": 71.33672070503235, "_step": 79, "best_val_loss": 5.457264933284023e-07, "best_epoch": 75, "_wandb": {"runtime": 70}}