{"graph": {"_type": "graph-file", "sha256": "0058fef4fef5638f91c92d3581d8725323bd2f6f2e71d92624bb2f42f69cc6bc", "size": 579, "path": "media/graph/graph_summary_0058fef4fef5638f91c9.graph.json"}, "epoch": 29, "_timestamp": 1680630603.1887367, "loss": 0.0007960641523823142, "mse": 0.0007960641523823142, "val_loss": 0.0007727902848273516, "val_mse": 0.0007727902848273516, "_runtime": 35.21265959739685, "_step": 29, "best_val_loss": 0.0007727902848273516, "best_epoch": 29, "_wandb": {"runtime": 35}}