{"graph": {"_type": "graph-file", "sha256": "e8d4f79d590df6e93e1ad308dc19ef31d699b9ff9064b3ffe794dc002352584e", "size": 2712, "path": "media/graph/graph_summary_e8d4f79d590df6e93e1a.graph.json"}, "epoch": 49, "_timestamp": 1681782193.8559031, "loss": 0.0003745995054487139, "mape": 45.38852310180664, "val_loss": 0.00011755513696698472, "val_mape": 29.919116973876953, "_runtime": 110.30535316467285, "_step": 49, "best_val_loss": 0.00011755513696698472, "best_epoch": 49, "_wandb": {"runtime": 111}}