{"graph": {"_type": "graph-file", "sha256": "839eaae35a2ea8ffee370e952df91f8ae49a4122cd0a54e58b7d6394786d5084", "size": 1356, "path": "media/graph/graph_summary_839eaae35a2ea8ffee37.graph.json"}, "epoch": 49, "_timestamp": 1686253437.5676794, "loss": 3.1832719287194777e-06, "mape": 3.235323429107666, "val_loss": 4.809781785297673e-06, "val_mape": 4.5950236320495605, "_runtime": 47.85228943824768, "_step": 49, "best_val_loss": 2.2134813093543926e-07, "best_epoch": 46, "_wandb": {"runtime": 47}}