{"graph": {"_type": "graph-file", "sha256": "0058fef4fef5638f91c92d3581d8725323bd2f6f2e71d92624bb2f42f69cc6bc", "size": 579, "path": "media/graph/graph_summary_0058fef4fef5638f91c9.graph.json"}, "epoch": 29, "_timestamp": 1680632114.3278441, "loss": 0.0021025435999035835, "mse": 0.0021025435999035835, "val_loss": 0.0021736212074756622, "val_mse": 0.002173621440306306, "_runtime": 18.072715044021606, "_step": 29, "best_val_loss": 0.0021736212074756622, "best_epoch": 0, "_wandb": {"runtime": 17}}