{"graph": {"_type": "graph-file", "sha256": "0058fef4fef5638f91c92d3581d8725323bd2f6f2e71d92624bb2f42f69cc6bc", "size": 579, "path": "media/graph/graph_summary_0058fef4fef5638f91c9.graph.json"}, "epoch": 49, "_timestamp": 1680633755.2061589, "loss": 0.137129008769989, "mape": 1829.4473876953125, "val_loss": 0.13412325084209442, "val_mape": 1805.0640869140625, "_runtime": 58.63655376434326, "_step": 49, "best_val_loss": 0.13412325084209442, "best_epoch": 49, "_wandb": {"runtime": 58}}