{"graph": {"_type": "graph-file", "sha256": "1eccd6149097bb71d378b529ecb317304e9839dcf8a854406a45058d719d4f6b", "size": 1841, "path": "media/graph/graph_summary_1eccd6149097bb71d378.graph.json"}, "epoch": 49, "_timestamp": 1681323409.2975519, "loss": 4.065066605107859e-05, "mape": 17.379060745239258, "val_loss": 0.0005587138002738357, "val_mape": 51.22831726074219, "_runtime": 154.74681186676025, "_step": 49, "best_val_loss": 2.7311639314575586e-06, "best_epoch": 20, "_wandb": {"runtime": 153}}