{"graph": {"_type": "graph-file", "sha256": "e8d4f79d590df6e93e1ad308dc19ef31d699b9ff9064b3ffe794dc002352584e", "size": 2712, "path": "media/graph/graph_summary_e8d4f79d590df6e93e1a.graph.json"}, "epoch": 49, "_timestamp": 1681783229.8108642, "loss": 0.00013402558397501707, "mape": 29.011049270629883, "val_loss": 2.6546169465291314e-05, "val_mape": 21.117122650146484, "_runtime": 57.62781119346619, "_step": 49, "best_val_loss": 4.384942712931661e-06, "best_epoch": 32, "_wandb": {"runtime": 56}}