{"graph": {"_type": "graph-file", "sha256": "81342cd5c6e0a88e92252903c8599eb911d84235a5bbb91b24076511968883b6", "size": 1939, "path": "media/graph/graph_summary_81342cd5c6e0a88e9225.graph.json"}, "epoch": 49, "_timestamp": 1681779835.9013312, "loss": 0.0005790196009911597, "mape": 53.023895263671875, "val_loss": 0.0003138321917504072, "val_mape": 36.15939712524414, "_runtime": 96.28417611122131, "_step": 49, "best_val_loss": 0.0002808033605106175, "best_epoch": 47, "_wandb": {"runtime": 95}}