{"graph": {"_type": "graph-file", "sha256": "e8d4f79d590df6e93e1ad308dc19ef31d699b9ff9064b3ffe794dc002352584e", "size": 2712, "path": "media/graph/graph_summary_e8d4f79d590df6e93e1a.graph.json"}, "epoch": 49, "_timestamp": 1681782525.020176, "loss": 0.00010899430344579741, "mape": 27.091461181640625, "val_loss": 0.00010875397856580094, "val_mape": 32.22202682495117, "_runtime": 60.620851039886475, "_step": 49, "best_val_loss": 2.254517312394455e-06, "best_epoch": 35, "_wandb": {"runtime": 59}}