{"graph": {"_type": "graph-file", "sha256": "839eaae35a2ea8ffee370e952df91f8ae49a4122cd0a54e58b7d6394786d5084", "size": 1356, "path": "media/graph/graph_summary_839eaae35a2ea8ffee37.graph.json"}, "epoch": 29, "_timestamp": 1680811538.0960763, "loss": 7.631357220816426e-06, "mape": 17.481971740722656, "val_loss": 7.4602280619728845e-06, "val_mape": 18.226783752441406, "_runtime": 48.013636350631714, "_step": 29, "best_val_loss": 7.4602280619728845e-06, "best_epoch": 29, "_wandb": {"runtime": 48}}