{"graph": {"_type": "graph-file", "sha256": "0058fef4fef5638f91c92d3581d8725323bd2f6f2e71d92624bb2f42f69cc6bc", "size": 579, "path": "media/graph/graph_summary_0058fef4fef5638f91c9.graph.json"}, "epoch": 29, "_timestamp": 1680632734.5783744, "loss": 0.030185053125023842, "mape": 748.2606811523438, "val_loss": 0.028560254722833633, "val_mape": 716.2931518554688, "_runtime": 40.57392144203186, "_step": 29, "best_val_loss": 0.028560254722833633, "best_epoch": 29, "_wandb": {"runtime": 40}}