{"graph": {"_type": "graph-file", "sha256": "839eaae35a2ea8ffee370e952df91f8ae49a4122cd0a54e58b7d6394786d5084", "size": 1356, "path": "media/graph/graph_summary_839eaae35a2ea8ffee37.graph.json"}, "epoch": 29, "_timestamp": 1680757001.598404, "loss": 9.171048986900132e-06, "mape": 6.362168312072754, "val_loss": 2.02939668270119e-06, "val_mape": 4.11955451965332, "_runtime": 25.786983013153076, "_step": 29, "best_val_loss": 4.773287969328521e-07, "best_epoch": 28, "_wandb": {"runtime": 25}}