{"graph": {"_type": "graph-file", "sha256": "0058fef4fef5638f91c92d3581d8725323bd2f6f2e71d92624bb2f42f69cc6bc", "size": 579, "path": "media/graph/graph_summary_0058fef4fef5638f91c9.graph.json"}, "epoch": 49, "_timestamp": 1683676982.4120386, "loss": 4.640466613636818e-06, "mape": 13.70810604095459, "val_loss": 4.727885880129179e-06, "val_mape": 14.325891494750977, "_runtime": 64.43930959701538, "_step": 49, "best_val_loss": 4.727885880129179e-06, "best_epoch": 49, "_wandb": {"runtime": 64}}