{"graph": {"_type": "graph-file", "sha256": "707d0d4e89d5abc613d72153e7ae73482a2001888ada5c09d279649177929fab", "size": 859, "path": "media/graph/graph_summary_707d0d4e89d5abc613d7.graph.json"}, "epoch": 49, "_timestamp": 1680659383.1115649, "loss": 2.009456238738494e-06, "mape": 2.641788959503174, "val_loss": 1.5942546269798186e-06, "val_mape": 3.4378538131713867, "_runtime": 75.19228196144104, "_step": 49, "best_val_loss": 1.0694335372818387e-07, "best_epoch": 35, "_wandb": {"runtime": 74}}